Language,Total time (s),Execution time (s),Compilation / Interpretation time (s),Peak Memory usage (kB),Version
Python,2.82,2.789,0.031,8616,3.10.4
C++,0.83,0.142,0.688,67420,11.2.0
Javascript,0.36,0.225,0.135,36868,17.9.0
Typescript,0.16,0.13,0.03,36268,1.20.5
Java,1.96,0.09,1.87,76616,18
C#,2.71,0.091,2.619,128624,6.0.2
Total (6),2.826,3.467,5.373,354412,####

Language,Total time (s),Execution time (s),Compilation / Interpretation time (s),Peak Memory usage (kB),Version
Python,0.24,0.008,0.232,65712,3.8.13
C++,0.88,0.0,0.88,86100,11.2.0
Javascript,0.12,0.011,0.109,36460,17.9.0
Typescript,0.05,0.009,0.041,33828,1.20.5
Java,1.43,0.012,1.418,84308,18
C#,2.38,0.011,2.369,143528,6.0.2
Total (6),2.413,0.052,5.048,449936,####

Language,Total time (s),Execution time (s),Compilation / Interpretation time (s),Peak Memory usage (kB),Version
Python,2.05,2.026,0.024,8492,3.10.4
C++,0.54,0.071,0.469,67412,11.2.0
Javascript,0.15,0.1,0.05,36868,17.9.0
Typescript,0.12,0.103,0.017,37052,1.20.5
Java,0.88,0.083,0.797,85640,18
C#,1.94,0.089,1.851,135000,6.0.2
Total (6),5.724,2.472,3.208,370464,####

Language,Total time (s),Execution time (s),Compilation / Interpretation time (s),Peak Memory usage (kB),Version
Python,0.09,0.007,0.083,66112,3.8.13
C++,0.67,0.0,0.67,86132,11.2.0
Javascript,0.05,0.009,0.041,36484,17.9.0
Typescript,0.02,0.006,0.014,32472,1.20.5
Java,0.79,0.01,0.78,85212,18
C#,1.78,0.011,1.769,131932,6.0.2
Total (6),3.459,0.043,3.357,438344,####

Language,Total time (s),Execution time (s),Compilation / Interpretation time (s),Peak Memory usage (kB),Version
Python,1.76,1.738,0.022,8712,3.10.4
C++,0.56,0.073,0.487,67404,11.2.0
Javascript,0.15,0.102,0.048,36440,17.9.0
Typescript,0.12,0.102,0.018,36584,1.20.5
Java,0.92,0.085,0.835,85144,18
C#,1.97,0.09,1.88,140036,6.0.2
Total (6),5.543,2.19,3.29,374320,####

Language,Total time (s),Execution time (s),Compilation / Interpretation time (s),Peak Memory usage (kB),Version
Python,0.09,0.008,0.082,65780,3.8.13
C++,0.67,0.0,0.67,85928,11.2.0
Javascript,0.06,0.009,0.051,36492,17.9.0
Typescript,0.02,0.006,0.014,33556,1.20.5
Java,0.89,0.01,0.88,83784,18
C#,1.82,0.027,1.793,133212,6.0.2
Total (6),3.61,0.059,3.491,438752,####

Language,Total time (s),Execution time (s),Compilation / Interpretation time (s),Peak Memory usage (kB),Version
Python,2.38,2.356,0.024,8660,3.10.4
C++,0.87,0.154,0.716,67376,11.2.0
Javascript,0.19,0.103,0.087,36756,17.9.0
Typescript,0.19,0.159,0.031,36528,1.20.5
Java,1.74,0.088,1.652,75572,18
C#,2.61,0.09,2.52,140048,6.0.2
Total (6),2.632,2.95,5.03,364940,####

Language,Total time (s),Execution time (s),Compilation / Interpretation time (s),Peak Memory usage (kB),Version
Python,0.18,0.008,0.172,66032,3.8.13
C++,0.94,0.0,0.94,86004,11.2.0
Javascript,0.1,0.01,0.09,36928,17.9.0
Typescript,0.04,0.009,0.031,33816,1.20.5
Java,1.19,0.01,1.18,75100,18
C#,2.07,0.011,2.059,128932,6.0.2
Total (6),2.097,0.049,4.471,426812,####

Language,Total time (s),Execution time (s),Compilation / Interpretation time (s),Peak Memory usage (kB),Version
Python,2.42,2.392,0.028,8532,3.10.4
C++,0.73,0.14,0.59,67444,11.2.0
Javascript,0.34,0.256,0.084,36724,17.9.0
Typescript,0.24,0.194,0.046,35864,1.20.5
Java,1.54,0.09,1.45,90504,18
C#,2.58,0.09,2.49,140616,6.0.2
Total (6),2.609,3.161,4.689,379684,####

Language,Total time (s),Execution time (s),Compilation / Interpretation time (s),Peak Memory usage (kB),Version
Python,0.12,0.009,0.111,65608,3.8.13
C++,0.87,0.0,0.87,86000,11.2.0
Javascript,0.13,0.03,0.1,36800,17.9.0
Typescript,0.04,0.006,0.034,33152,1.20.5
Java,1.18,0.012,1.168,75660,18
C#,2.13,0.012,2.118,128736,6.0.2
Total (6),2.158,0.069,4.401,425956,####

Language,Total time (s),Execution time (s),Compilation / Interpretation time (s),Peak Memory usage (kB),Version
Python,1.89,1.866,0.024,8712,3.10.4
C++,0.78,0.101,0.679,67380,11.2.0
Javascript,0.24,0.14,0.1,36756,17.9.0
Typescript,0.14,0.109,0.031,37080,1.20.5
Java,1.6,0.088,1.512,85348,18
C#,2.5,0.092,2.408,144476,6.0.2
Total (6),2.523,2.396,4.754,379752,####

Language,Total time (s),Execution time (s),Compilation / Interpretation time (s),Peak Memory usage (kB),Version
Python,2.72,2.693,0.027,8528,3.10.4
C++,0.93,0.082,0.848,67424,11.2.0
Javascript,0.32,0.181,0.139,36388,17.9.0
Typescript,0.16,0.119,0.041,35672,1.20.5
Java,1.69,0.094,1.596,77472,18
C#,2.79,0.091,2.699,144056,6.0.2
Total (6),2.824,3.26,5.35,369540,####

Language,Total time (s),Execution time (s),Compilation / Interpretation time (s),Peak Memory usage (kB),Version
Python,0.1,0.008,0.092,65888,3.8.13
C++,0.89,0.0,0.89,86064,11.2.0
Javascript,0.08,0.01,0.07,36832,17.9.0
Typescript,0.08,0.042,0.038,32572,1.20.5
Java,1.24,0.01,1.23,75088,18
C#,2.09,0.012,2.078,133276,6.0.2
Total (6),2.114,0.083,4.397,429720,####

Language,Total time (s),Execution time (s),Compilation / Interpretation time (s),Peak Memory usage (kB),Version
Python,2.0,1.974,0.026,8376,3.10.4
C++,0.78,0.109,0.671,67408,11.2.0
Javascript,0.21,0.15,0.06,36700,17.9.0
Typescript,0.14,0.116,0.024,36908,1.20.5
Java,1.53,0.089,1.441,84772,18
C#,2.42,0.09,2.33,139928,6.0.2
Total (6),2.452,2.528,4.552,374092,####

Language,Total time (s),Execution time (s),Compilation / Interpretation time (s),Peak Memory usage (kB),Version
Python,0.19,0.017,0.173,66056,3.8.13
C++,0.86,0.0,0.86,86060,11.2.0
Javascript,0.13,0.017,0.113,36828,17.9.0
Typescript,0.09,0.011,0.079,32888,1.20.5
Java,1.15,0.01,1.14,83924,18
C#,2.05,0.012,2.038,133372,6.0.2
Total (6),2.089,0.068,4.402,439128,####

Language,Total time (s),Execution time (s),Compilation / Interpretation time (s),Peak Memory usage (kB),Version
Python,1.68,1.661,0.019,8548,3.10.4
C++,0.56,0.071,0.489,67408,11.2.0
Javascript,0.15,0.101,0.049,36724,17.9.0
Typescript,0.12,0.101,0.019,36924,1.20.5
Java,0.98,0.084,0.896,77064,18
C#,1.88,0.089,1.791,138720,6.0.2
Total (6),5.423,2.108,3.262,365388,####

Language,Total time (s),Execution time (s),Compilation / Interpretation time (s),Peak Memory usage (kB),Version
Python,2.06,2.022,0.038,8532,3.10.4
C++,0.73,0.122,0.608,67424,11.2.0
Javascript,0.31,0.228,0.082,36696,17.9.0
Typescript,0.18,0.14,0.04,36752,1.20.5
Java,1.69,0.086,1.604,87344,18
C#,2.67,0.09,2.58,140164,6.0.2
Total (6),2.704,2.689,4.951,376912,####

Language,Total time (s),Execution time (s),Compilation / Interpretation time (s),Peak Memory usage (kB),Version
Python,0.12,0.008,0.112,65988,3.8.13
C++,0.83,0.0,0.83,86064,11.2.0
Javascript,0.08,0.011,0.069,36928,17.9.0
Typescript,0.05,0.018,0.032,32840,1.20.5
Java,1.21,0.011,1.199,74032,18
C#,2.18,0.011,2.169,140020,6.0.2
Total (6),2.215,0.059,4.411,435872,####

Language,Total time (s),Execution time (s),Compilation / Interpretation time (s),Peak Memory usage (kB),Version
Python,2.58,2.556,0.024,8552,3.10.4
C++,0.81,0.102,0.708,67468,11.2.0
Javascript,0.2,0.112,0.088,36592,17.9.0
Typescript,0.23,0.184,0.046,35700,1.20.5
Java,1.84,0.113,1.727,84096,18
C#,3.6,0.091,3.509,145068,6.0.2
Total (6),3.632,3.158,6.102,377476,####

Language,Total time (s),Execution time (s),Compilation / Interpretation time (s),Peak Memory usage (kB),Version
Python,0.11,0.01,0.1,65944,3.8.13
C++,0.92,0.0,0.92,86060,11.2.0
Javascript,0.07,0.01,0.06,36532,17.9.0
Typescript,0.04,0.006,0.034,32512,1.20.5
Java,1.39,0.011,1.379,84896,18
C#,2.41,0.011,2.399,135668,6.0.2
Total (6),2.436,0.048,4.892,441612,####

Language,Total time (s),Execution time (s),Compilation / Interpretation time (s),Peak Memory usage (kB),Version
Python,1.77,1.75,0.02,8712,3.10.4
C++,0.55,0.071,0.479,67428,11.2.0
Javascript,0.15,0.1,0.05,36624,17.9.0
Typescript,0.12,0.102,0.018,35784,1.20.5
Java,0.89,0.083,0.807,85920,18
C#,1.9,0.097,1.803,138092,6.0.2
Total (6),5.439,2.202,3.178,372560,####

Language,Total time (s),Execution time (s),Compilation / Interpretation time (s),Peak Memory usage (kB),Version
Python,0.1,0.008,0.092,66048,3.8.13
C++,0.69,0.0,0.69,86020,11.2.0
Javascript,0.05,0.008,0.042,36860,17.9.0
Typescript,0.02,0.006,0.014,32748,1.20.5
Java,0.81,0.011,0.799,86276,18
C#,1.95,0.012,1.938,129232,6.0.2
Total (6),3.678,0.044,3.576,437184,####

Language,Total time (s),Execution time (s),Compilation / Interpretation time (s),Peak Memory usage (kB),Version
Python,2.15,2.131,0.019,8524,3.10.4
C++,0.54,0.072,0.468,67420,11.2.0
Javascript,0.16,0.105,0.055,36756,17.9.0
Typescript,0.13,0.102,0.028,37256,1.20.5
Java,0.88,0.084,0.796,84660,18
C#,1.88,0.089,1.791,140196,6.0.2
Total (6),5.8,2.583,3.157,374812,####

Language,Total time (s),Execution time (s),Compilation / Interpretation time (s),Peak Memory usage (kB),Version
Python,0.1,0.007,0.093,66044,3.8.13
C++,0.68,0.0,0.68,86072,11.2.0
Javascript,0.05,0.009,0.041,36496,17.9.0
Typescript,0.03,0.006,0.024,33288,1.20.5
Java,0.79,0.01,0.78,86904,18
C#,1.83,0.011,1.819,134996,6.0.2
Total (6),3.53,0.043,3.437,443800,####

Language,Total time (s),Execution time (s),Compilation / Interpretation time (s),Peak Memory usage (kB),Version
C#,1.92,0.09,1.83,139616,6.0.2
Python,2.25,2.231,0.019,8672,3.10.4
C++,0.61,0.071,0.539,67452,11.2.0
Javascript,0.15,0.101,0.049,36608,17.9.0
Typescript,0.12,0.102,0.018,36024,1.20.5
Java,0.88,0.084,0.796,85936,18
Total (6),5.989,2.678,3.252,374308,####

Language,Total time (s),Execution time (s),Compilation / Interpretation time (s),Peak Memory usage (kB),Version
C#,1.84,0.011,1.829,134444,6.0.2
Total (1),1.847,0.011,1.829,134444,####

Language,Total time (s),Execution time (s),Compilation / Interpretation time (s),Peak Memory usage (kB),Version
C#,1.92,0.089,1.831,137868,6.0.2
Python,1.89,1.871,0.019,8552,3.10.4
C++,0.54,0.071,0.469,67412,11.2.0
Javascript,0.15,0.101,0.049,36456,17.9.0
Typescript,0.12,0.103,0.017,37324,1.20.5
Java,0.9,0.083,0.817,84944,18
Total (6),5.573,2.318,3.202,372556,####

Language,Total time (s),Execution time (s),Compilation / Interpretation time (s),Peak Memory usage (kB),Version
C#,1.8,0.011,1.789,132376,6.0.2
Python,0.09,0.008,0.082,65992,3.8.13
C++,0.68,0.0,0.68,85884,11.2.0
Javascript,0.05,0.008,0.042,36836,17.9.0
Typescript,0.02,0.006,0.014,33032,1.20.5
Java,0.77,0.01,0.76,86140,18
Total (6),3.468,0.043,3.367,440260,####

Language,Total time (s),Execution time (s),Compilation / Interpretation time (s),Peak Memory usage (kB),Version
Python,2.75,2.721,0.029,8372,3.10.4
C++,0.84,0.182,0.658,67452,11.2.0
Javascript,0.19,0.111,0.079,36400,17.9.0
Typescript,0.17,0.145,0.025,37348,1.20.5
Java,1.79,0.103,1.687,85476,18
C#,2.62,0.091,2.529,138552,6.0.2
Total (6),2.757,3.353,5.007,373600,####

Language,Total time (s),Execution time (s),Compilation / Interpretation time (s),Peak Memory usage (kB),Version
Python,1.73,1.71,0.02,8620,3.10.4
C++,0.54,0.071,0.469,67436,11.2.0
Javascript,0.17,0.109,0.061,36756,17.9.0
Typescript,0.12,0.104,0.016,36576,1.20.5
Java,0.87,0.083,0.787,85580,18
C#,1.88,0.09,1.79,139224,6.0.2
Total (6),5.374,2.168,3.142,374192,####

Language,Total time (s),Execution time (s),Compilation / Interpretation time (s),Peak Memory usage (kB),Version
Python,0.09,0.007,0.083,65944,3.8.13
C++,0.67,0.0,0.67,86112,11.2.0
Javascript,0.05,0.009,0.041,36496,17.9.0
Typescript,0.02,0.006,0.014,33648,1.20.5
Java,0.8,0.01,0.79,86276,18
C#,1.81,0.011,1.799,131964,6.0.2
Total (6),3.504,0.043,3.397,440440,####

Language,Total time (s),Execution time (s),Compilation / Interpretation time (s),Peak Memory usage (kB),Version
Python,1.99,1.97,0.02,8376,3.10.4
C++,0.55,0.071,0.479,67372,11.2.0
Javascript,0.15,0.103,0.047,36788,17.9.0
Typescript,0.12,0.103,0.017,37164,1.20.5
Java,0.88,0.084,0.796,84668,18
C#,1.92,0.09,1.83,140152,6.0.2
Total (6),5.658,2.422,3.188,374520,####

Language,Total time (s),Execution time (s),Compilation / Interpretation time (s),Peak Memory usage (kB),Version
Python,0.09,0.007,0.083,65988,3.8.13
C++,0.69,0.0,0.69,86080,11.2.0
Javascript,0.05,0.009,0.041,36872,17.9.0
Typescript,0.03,0.006,0.024,33048,1.20.5
Java,0.83,0.011,0.819,85476,18
C#,1.83,0.012,1.818,129592,6.0.2
Total (6),3.579,0.045,3.475,437056,####

Language,Total time (s),Execution time (s),Compilation / Interpretation time (s),Peak Memory usage (kB),Version
Python,2.42,2.399,0.021,8492,3.10.4
C++,0.56,0.073,0.487,67360,11.2.0
Javascript,0.15,0.102,0.048,36424,17.9.0
Typescript,0.13,0.112,0.018,37080,1.20.5
Java,1.09,0.085,1.005,84552,18
C#,1.92,0.089,1.831,140260,6.0.2
Total (6),6.326,2.861,3.409,374168,####

Language,Total time (s),Execution time (s),Compilation / Interpretation time (s),Peak Memory usage (kB),Version
Python,0.09,0.007,0.083,65768,3.8.13
C++,0.69,0.0,0.69,86032,11.2.0
Javascript,0.05,0.009,0.041,36900,17.9.0
Typescript,0.02,0.006,0.014,32528,1.20.5
Java,0.81,0.01,0.8,85520,18
C#,1.78,0.011,1.769,132008,6.0.2
Total (6),3.5,0.043,3.397,438756,####

Language,Total time (s),Execution time (s),Compilation / Interpretation time (s),Peak Memory usage (kB),Version
Python,2.14,2.113,0.027,8644,3.10.4
C++,0.82,0.119,0.701,67468,11.2.0
Javascript,0.22,0.153,0.067,36676,17.9.0
Typescript,0.16,0.119,0.041,37160,1.20.5
Java,1.74,0.086,1.654,85304,18
C#,2.64,0.091,2.549,139984,6.0.2
Total (6),2.659,2.681,5.039,375236,####

Language,Total time (s),Execution time (s),Compilation / Interpretation time (s),Peak Memory usage (kB),Version
Python,0.12,0.009,0.111,66176,3.8.13
C++,0.9,0.0,0.9,86144,11.2.0
Javascript,0.13,0.013,0.117,36860,17.9.0
Typescript,0.09,0.006,0.084,33188,1.20.5
Java,1.27,0.011,1.259,84480,18
C#,2.22,0.011,2.209,128884,6.0.2
Total (6),2.256,0.05,4.68,435732,####

Language,Total time (s),Execution time (s),Compilation / Interpretation time (s),Peak Memory usage (kB),Version
Python,2.68,2.636,0.044,8712,3.10.4
C++,1.11,0.132,0.978,67468,11.2.0
Javascript,0.25,0.162,0.088,36676,17.9.0
Typescript,0.24,0.215,0.025,36956,1.20.5
Java,2.1,0.099,2.001,75504,18
C#,3.02,0.1,2.92,140140,6.0.2
Total (6),3.056,3.343,6.057,365456,####

Language,Total time (s),Execution time (s),Compilation / Interpretation time (s),Peak Memory usage (kB),Version
Python,0.18,0.011,0.169,65772,3.8.13
C++,1.09,0.0,1.09,86016,11.2.0
Javascript,0.11,0.018,0.092,36588,17.9.0
Typescript,0.08,0.026,0.054,33552,1.20.5
Java,1.53,0.014,1.516,84348,18
C#,2.69,0.018,2.672,132044,6.0.2
Total (6),2.742,0.087,5.593,438320,####

Language,Total time (s),Execution time (s),Compilation / Interpretation time (s),Peak Memory usage (kB),Version
Python,1.72,1.698,0.022,8652,3.10.4
C++,0.58,0.072,0.508,67372,11.2.0
Javascript,0.15,0.103,0.047,36736,17.9.0
Typescript,0.13,0.104,0.026,37092,1.20.5
Java,0.99,0.09,0.9,82348,18
C#,2.06,0.092,1.968,140192,6.0.2
Total (6),5.694,2.159,3.471,372392,####

Language,Total time (s),Execution time (s),Compilation / Interpretation time (s),Peak Memory usage (kB),Version
Python,0.1,0.008,0.092,65624,3.8.13
C++,0.74,0.0,0.74,86012,11.2.0
Javascript,0.06,0.009,0.051,36820,17.9.0
Typescript,0.03,0.006,0.024,33060,1.20.5
Java,0.93,0.011,0.919,86596,18
C#,2.01,0.012,1.998,143244,6.0.2
Total (6),3.921,0.046,3.824,451356,####

Language,Total time (s),Execution time (s),Compilation / Interpretation time (s),Peak Memory usage (kB),Version
Python,1.98,1.959,0.021,8620,3.10.4
C++,1.99,0.092,1.898,67416,11.2.0
Javascript,4.62,0.294,4.326,36244,17.9.0
Typescript,0.87,0.129,0.741,36452,1.20.5
Java,2.71,0.093,2.617,84008,18
C#,3.9,0.09,3.81,140428,6.0.2
Total (6),4.677,2.656,13.414,373168,####

Language,Total time (s),Execution time (s),Compilation / Interpretation time (s),Peak Memory usage (kB),Version
Python,0.79,0.03,0.76,65608,3.8.13
C++,1.05,0.0,1.05,86052,11.2.0
Javascript,0.12,0.044,0.076,36164,17.9.0
Typescript,0.03,0.006,0.024,33064,1.20.5
Java,1.63,0.012,1.618,85620,18
C#,2.75,0.024,2.726,137420,6.0.2
Total (6),2.767,0.116,6.254,443928,####

Language,Total time (s),Execution time (s),Compilation / Interpretation time (s),Peak Memory usage (kB),Version
Python,2.06,2.036,0.024,8560,3.10.4
C++,0.55,0.071,0.479,67476,11.2.0
Javascript,0.14,0.101,0.039,36328,17.9.0
Typescript,0.12,0.104,0.016,35916,1.20.5
Java,0.87,0.084,0.786,86200,18
C#,1.87,0.09,1.78,132960,6.0.2
Total (6),5.664,2.485,3.125,367440,####

Language,Total time (s),Execution time (s),Compilation / Interpretation time (s),Peak Memory usage (kB),Version
Python,0.09,0.008,0.082,65692,3.8.13
C++,0.7,0.0,0.7,86088,11.2.0
Javascript,0.06,0.009,0.051,36672,17.9.0
Typescript,0.03,0.006,0.024,33860,1.20.5
Java,0.95,0.01,0.94,85020,18
C#,1.98,0.012,1.968,144784,6.0.2
Total (6),3.868,0.045,3.765,452116,####

Language,Total time (s),Execution time (s),Compilation / Interpretation time (s),Peak Memory usage (kB),Version
Python,2.8,2.772,0.028,8444,3.10.4
C++,1.12,0.18,0.94,67436,11.2.0
Javascript,0.27,0.196,0.074,36504,17.9.0
Typescript,0.14,0.108,0.032,37212,1.20.5
Java,2.16,0.092,2.068,80572,18
C#,3.17,0.09,3.08,133316,6.0.2
Total (6),3.197,3.438,6.222,363484,####

Language,Total time (s),Execution time (s),Compilation / Interpretation time (s),Peak Memory usage (kB),Version
Python,0.19,0.023,0.167,65996,3.8.13
C++,1.04,0.0,1.04,85988,11.2.0
Javascript,0.09,0.01,0.08,36508,17.9.0
Typescript,0.08,0.014,0.066,33564,1.20.5
Java,1.6,0.011,1.589,77924,18
C#,2.46,0.011,2.449,138884,6.0.2
Total (6),2.487,0.07,5.39,438864,####

Language,Total time (s),Execution time (s),Compilation / Interpretation time (s),Peak Memory usage (kB),Version
Python,2.19,2.174,0.016,8716,3.10.4
C++,0.54,0.072,0.468,67428,11.2.0
Javascript,0.15,0.1,0.05,36376,17.9.0
Typescript,0.12,0.103,0.017,36316,1.20.5
Java,0.99,0.083,0.907,95396,18
C#,1.98,0.091,1.889,130380,6.0.2
Total (6),6.028,2.623,3.347,374612,####

Language,Total time (s),Execution time (s),Compilation / Interpretation time (s),Peak Memory usage (kB),Version
Python,0.1,0.008,0.092,65796,3.8.13
C++,0.7,0.0,0.7,86024,11.2.0
Javascript,0.06,0.009,0.051,36444,17.9.0
Typescript,0.03,0.006,0.024,33428,1.20.5
Java,0.87,0.011,0.859,76752,18
C#,1.9,0.012,1.888,138848,6.0.2
Total (6),3.702,0.046,3.614,437292,####

Language,Total time (s),Execution time (s),Compilation / Interpretation time (s),Peak Memory usage (kB),Version
Python,2.1,2.074,0.026,8624,3.10.4
C++,0.91,0.181,0.729,67468,11.2.0
Javascript,0.33,0.191,0.139,36504,17.9.0
Typescript,0.15,0.111,0.039,36056,1.20.5
Java,1.68,0.096,1.584,84320,18
C#,2.62,0.091,2.529,140220,6.0.2
Total (6),2.655,2.745,5.045,373192,####

Language,Total time (s),Execution time (s),Compilation / Interpretation time (s),Peak Memory usage (kB),Version
Python,0.12,0.011,0.109,66132,3.8.13
C++,0.83,0.0,0.83,85944,11.2.0
Javascript,0.1,0.015,0.085,36528,17.9.0
Typescript,0.04,0.006,0.034,33900,1.20.5
Java,1.21,0.01,1.2,93444,18
C#,2.1,0.011,2.089,133224,6.0.2
Total (6),2.123,0.053,4.347,449172,####

Language,Total time (s),Execution time (s),Compilation / Interpretation time (s),Peak Memory usage (kB),Version
Python,2.09,2.065,0.025,8716,3.10.4
C++,0.55,0.072,0.478,67472,11.2.0
Javascript,0.15,0.101,0.049,36580,17.9.0
Typescript,0.13,0.103,0.027,36932,1.20.5
Java,0.9,0.084,0.816,85548,18
C#,1.86,0.089,1.771,145408,6.0.2
Total (6),5.733,2.514,3.166,380656,####

Language,Total time (s),Execution time (s),Compilation / Interpretation time (s),Peak Memory usage (kB),Version
Python,0.09,0.008,0.082,66200,3.8.13
C++,0.68,0.0,0.68,86084,11.2.0
Javascript,0.05,0.009,0.041,36572,17.9.0
Typescript,0.02,0.006,0.014,33932,1.20.5
Java,0.83,0.01,0.82,85124,18
C#,1.81,0.011,1.799,138500,6.0.2
Total (6),3.549,0.043,3.437,446412,####

Language,Total time (s),Execution time (s),Compilation / Interpretation time (s),Peak Memory usage (kB),Version
Python,1.9,1.877,0.023,8380,3.10.4
C++,0.7,0.078,0.622,67416,11.2.0
Javascript,0.19,0.116,0.074,36456,17.9.0
Typescript,0.15,0.112,0.038,37332,1.20.5
Java,1.56,0.09,1.47,91652,18
C#,2.42,0.091,2.329,129764,6.0.2
Total (6),2.452,2.365,4.555,371000,####

Language,Total time (s),Execution time (s),Compilation / Interpretation time (s),Peak Memory usage (kB),Version
Python,0.13,0.012,0.118,66116,3.8.13
C++,0.9,0.0,0.9,86036,11.2.0
Javascript,0.12,0.01,0.11,36284,17.9.0
Typescript,0.1,0.012,0.088,33964,1.20.5
Java,1.28,0.011,1.269,78776,18
C#,2.21,0.011,2.199,138444,6.0.2
Total (6),2.228,0.055,4.685,439620,####

Language,Total time (s),Execution time (s),Compilation / Interpretation time (s),Peak Memory usage (kB),Version
Python,2.02,1.999,0.021,8532,3.10.4
C++,0.54,0.071,0.469,67384,11.2.0
Javascript,0.15,0.101,0.049,36568,17.9.0
Typescript,0.12,0.103,0.017,36776,1.20.5
Java,0.89,0.084,0.806,86576,18
C#,1.87,0.089,1.781,133344,6.0.2
Total (6),5.652,2.447,3.143,369180,####

Language,Total time (s),Execution time (s),Compilation / Interpretation time (s),Peak Memory usage (kB),Version
Python,1.8,1.777,0.023,8560,3.10.4
C++,0.54,0.074,0.466,67436,11.2.0
Javascript,0.15,0.1,0.05,36772,17.9.0
Typescript,0.12,0.102,0.018,36524,1.20.5
Java,0.94,0.084,0.856,84916,18
C#,1.88,0.089,1.791,138852,6.0.2
Total (6),5.48,2.227,3.203,373060,####

Language,Total time (s),Execution time (s),Compilation / Interpretation time (s),Peak Memory usage (kB),Version
Python,2.0,1.972,0.028,8496,3.10.4
C++,0.8,0.08,0.72,67420,11.2.0
Javascript,0.25,0.148,0.102,36180,17.9.0
Typescript,0.19,0.164,0.026,37052,1.20.5
Java,1.55,0.091,1.459,85900,18
C#,2.42,0.089,2.331,138856,6.0.2
Total (6),2.441,2.544,4.666,373904,####

Language,Total time (s),Execution time (s),Compilation / Interpretation time (s),Peak Memory usage (kB),Version
Python,2.64,2.61,0.03,8532,3.10.4
C++,0.8,0.165,0.635,67432,11.2.0
Javascript,0.23,0.153,0.077,36456,17.9.0
Typescript,0.13,0.106,0.024,35784,1.20.5
Java,1.55,0.089,1.461,84780,18
C#,2.48,0.093,2.387,145012,6.0.2
Total (6),2.652,3.216,4.614,377996,####

Language,Total time (s),Execution time (s),Compilation / Interpretation time (s),Peak Memory usage (kB),Version
Python,0.13,0.009,0.121,65956,3.8.13
C++,0.83,0.0,0.83,86056,11.2.0
Javascript,0.13,0.021,0.109,36496,17.9.0
Typescript,0.08,0.006,0.074,33808,1.20.5
Java,1.12,0.011,1.109,83724,18
C#,2.08,0.011,2.069,129352,6.0.2
Total (6),2.121,0.058,4.312,435392,####

Language,Total time (s),Execution time (s),Compilation / Interpretation time (s),Peak Memory usage (kB),Version
Python,2.7,2.674,0.026,8532,3.10.4
C++,0.68,0.124,0.556,67480,11.2.0
Javascript,0.18,0.104,0.076,36568,17.9.0
Typescript,0.21,0.188,0.022,36536,1.20.5
Java,2.01,0.091,1.919,86152,18
C#,2.99,0.09,2.9,139060,6.0.2
Total (6),3.017,3.271,5.499,374328,####

Language,Total time (s),Execution time (s),Compilation / Interpretation time (s),Peak Memory usage (kB),Version
Python,2.83,2.807,0.023,8396,3.10.4
C++,0.92,0.1,0.82,67420,11.2.0
Javascript,0.2,0.118,0.082,36504,17.9.0
Typescript,0.13,0.108,0.022,37000,1.20.5
Java,1.91,0.111,1.799,85964,18
C#,2.84,0.089,2.751,145240,6.0.2
Total (6),2.89,3.332,5.498,380524,####

Language,Total time (s),Execution time (s),Compilation / Interpretation time (s),Peak Memory usage (kB),Version
Python,0.12,0.012,0.108,66004,3.8.13
C++,0.87,0.0,0.87,86088,11.2.0
Javascript,0.1,0.027,0.073,36616,17.9.0
Typescript,0.03,0.006,0.024,32724,1.20.5
Java,1.22,0.01,1.21,75456,18
C#,2.12,0.011,2.109,133248,6.0.2
Total (6),2.141,0.066,4.394,430136,####

Language,Total time (s),Execution time (s),Compilation / Interpretation time (s),Peak Memory usage (kB),Version
Python,1.75,1.726,0.024,8528,3.10.4
C++,0.56,0.071,0.489,67360,11.2.0
Javascript,0.15,0.101,0.049,36412,17.9.0
Typescript,0.12,0.103,0.017,36524,1.20.5
Java,0.91,0.084,0.826,85968,18
C#,1.91,0.09,1.82,140164,6.0.2
Total (6),5.45,2.175,3.225,374956,####

Language,Total time (s),Execution time (s),Compilation / Interpretation time (s),Peak Memory usage (kB),Version
Python,0.1,0.007,0.093,65744,3.8.13
C++,0.69,0.0,0.69,86004,11.2.0
Javascript,0.05,0.009,0.041,36580,17.9.0
Typescript,0.02,0.006,0.014,32972,1.20.5
Java,0.83,0.01,0.82,83684,18
C#,1.79,0.011,1.779,131908,6.0.2
Total (6),3.537,0.043,3.437,436892,####

Language,Total time (s),Execution time (s),Compilation / Interpretation time (s),Peak Memory usage (kB),Version
Python,2.19,2.171,0.019,8492,3.10.4
C++,0.55,0.072,0.478,67460,11.2.0
Javascript,0.15,0.1,0.05,36812,17.9.0
Typescript,0.12,0.102,0.018,36884,1.20.5
Java,0.88,0.083,0.797,84180,18
C#,1.88,0.089,1.791,140124,6.0.2
Total (6),5.825,2.618,3.152,373952,####

Language,Total time (s),Execution time (s),Compilation / Interpretation time (s),Peak Memory usage (kB),Version
Python,0.09,0.007,0.083,65924,3.8.13
C++,0.67,0.0,0.67,85976,11.2.0
Javascript,0.05,0.009,0.041,36512,17.9.0
Typescript,0.02,0.005,0.015,32412,1.20.5
Java,0.83,0.011,0.819,77568,18
C#,1.86,0.011,1.849,138288,6.0.2
Total (6),3.577,0.043,3.477,436680,####

Language,Total time (s),Execution time (s),Compilation / Interpretation time (s),Peak Memory usage (kB),Version
Python,2.39,2.372,0.018,8664,3.10.4
C++,0.71,0.077,0.633,67432,11.2.0
Javascript,0.19,0.118,0.072,36424,17.9.0
Typescript,0.15,0.114,0.036,36216,1.20.5
Java,1.57,0.097,1.473,85184,18
C#,2.36,0.089,2.271,129260,6.0.2
Total (6),2.404,2.867,4.503,363180,####

Language,Total time (s),Execution time (s),Compilation / Interpretation time (s),Peak Memory usage (kB),Version
Python,0.13,0.017,0.113,65628,3.8.13
C++,0.97,0.0,0.97,86072,11.2.0
Javascript,0.17,0.013,0.157,36292,17.9.0
Typescript,0.04,0.007,0.033,33372,1.20.5
Java,1.28,0.011,1.269,87240,18
C#,2.24,0.011,2.229,135156,6.0.2
Total (6),2.281,0.059,4.771,443760,####

Language,Total time (s),Execution time (s),Compilation / Interpretation time (s),Peak Memory usage (kB),Version
Python,2.04,2.02,0.02,8448,3.10.4
C++,0.58,0.079,0.501,67464,11.2.0
Javascript,0.15,0.104,0.046,36568,17.9.0
Typescript,0.13,0.105,0.025,35940,1.20.5
Java,1.25,0.095,1.155,95964,18
C#,2.29,0.089,2.201,129340,6.0.2
Total (6),6.502,2.492,3.948,373724,####

Language,Total time (s),Execution time (s),Compilation / Interpretation time (s),Peak Memory usage (kB),Version
Python,0.1,0.008,0.092,65788,3.8.13
C++,0.7,0.0,0.7,85992,11.2.0
Javascript,0.05,0.009,0.041,36528,17.9.0
Typescript,0.02,0.006,0.014,32176,1.20.5
Java,1.2,0.014,1.186,83792,18
C#,2.28,0.012,2.268,138292,6.0.2
Total (6),4.422,0.048,4.302,442568,####

Language,Total time (s),Execution time (s),Compilation / Interpretation time (s),Peak Memory usage (kB),Version
Python,2.11,2.071,0.039,8496,3.10.4
C++,0.71,0.091,0.619,67420,11.2.0
Javascript,0.25,0.175,0.075,36788,17.9.0
Typescript,0.21,0.158,0.052,36668,1.20.5
Java,1.54,0.087,1.453,85136,18
C#,2.33,0.09,2.24,131588,6.0.2
Total (6),2.348,2.673,4.477,366096,####

Language,Total time (s),Execution time (s),Compilation / Interpretation time (s),Peak Memory usage (kB),Version
Python,0.14,0.009,0.131,66200,3.8.13
C++,0.93,0.0,0.93,86016,11.2.0
Javascript,0.12,0.011,0.109,36308,17.9.0
Typescript,0.05,0.006,0.044,33788,1.20.5
Java,1.29,0.011,1.279,75776,18
C#,2.21,0.011,2.199,144128,6.0.2
Total (6),2.241,0.048,4.692,442216,####

Language,Total time (s),Execution time (s),Compilation / Interpretation time (s),Peak Memory usage (kB),Version
Python,2.15,2.128,0.022,8716,3.10.4
C++,0.55,0.072,0.478,67464,11.2.0
Javascript,0.15,0.102,0.048,36232,17.9.0
Typescript,0.12,0.104,0.016,36760,1.20.5
Java,0.92,0.085,0.835,84780,18
C#,1.91,0.091,1.819,138508,6.0.2
Total (6),5.857,2.582,3.218,372460,####

Language,Total time (s),Execution time (s),Compilation / Interpretation time (s),Peak Memory usage (kB),Version
Python,2.71,2.675,0.035,8712,3.10.4
C++,0.79,0.127,0.663,67452,11.2.0
Javascript,0.27,0.188,0.082,36340,17.9.0
Typescript,0.21,0.169,0.041,35992,1.20.5
Java,1.76,0.097,1.663,76328,18
C#,2.8,0.092,2.708,140184,6.0.2
Total (6),2.821,3.349,5.191,365008,####

Language,Total time (s),Execution time (s),Compilation / Interpretation time (s),Peak Memory usage (kB),Version
Python,0.11,0.008,0.102,65628,3.8.13
C++,1.0,0.0,1.0,85996,11.2.0
Javascript,0.08,0.011,0.069,36284,17.9.0
Typescript,0.06,0.007,0.053,32940,1.20.5
Java,1.47,0.012,1.458,75196,18
C#,2.45,0.011,2.439,128644,6.0.2
Total (6),2.485,0.05,5.12,424688,####

Language,Total time (s),Execution time (s),Compilation / Interpretation time (s),Peak Memory usage (kB),Version
Python,2.32,2.289,0.031,8700,3.10.4
C++,1.07,0.193,0.877,67476,11.2.0
Javascript,0.19,0.12,0.07,36424,17.9.0
Typescript,0.18,0.13,0.05,36188,1.20.5
Java,2.06,0.089,1.971,85224,18
C#,3.04,0.092,2.948,138928,6.0.2
Total (6),3.062,2.913,5.947,372940,####

Language,Total time (s),Execution time (s),Compilation / Interpretation time (s),Peak Memory usage (kB),Version
Python,0.13,0.008,0.122,66084,3.8.13
C++,0.88,0.0,0.88,86032,11.2.0
Javascript,0.1,0.01,0.09,36444,17.9.0
Typescript,0.04,0.006,0.034,33732,1.20.5
Java,1.18,0.011,1.169,78816,18
C#,2.05,0.011,2.039,132144,6.0.2
Total (6),2.089,0.046,4.334,433252,####

Language,Total time (s),Execution time (s),Compilation / Interpretation time (s),Peak Memory usage (kB),Version
Python,1.99,1.965,0.025,8720,3.10.4
C++,0.56,0.072,0.488,67360,11.2.0
Javascript,0.15,0.104,0.046,36392,17.9.0
Typescript,0.13,0.105,0.025,35796,1.20.5
Java,0.94,0.084,0.856,84432,18
C#,1.96,0.09,1.87,140360,6.0.2
Total (6),5.782,2.419,3.311,373060,####

Language,Total time (s),Execution time (s),Compilation / Interpretation time (s),Peak Memory usage (kB),Version
Python,0.09,0.007,0.083,66000,3.8.13
C++,0.69,0.0,0.69,85908,11.2.0
Javascript,0.05,0.009,0.041,36564,17.9.0
Typescript,0.03,0.006,0.024,33664,1.20.5
Java,0.84,0.011,0.829,86144,18
C#,1.82,0.011,1.809,132168,6.0.2
Total (6),3.572,0.044,3.476,440448,####

Language,Total time (s),Execution time (s),Compilation / Interpretation time (s),Peak Memory usage (kB),Version
Python,1.69,1.669,0.021,8716,3.10.4
C++,0.55,0.074,0.476,67476,11.2.0
Javascript,0.15,0.101,0.049,36452,17.9.0
Typescript,0.12,0.102,0.018,36960,1.20.5
Java,0.9,0.084,0.816,85904,18
C#,1.94,0.089,1.851,140132,6.0.2
Total (6),5.403,2.119,3.231,375640,####

Language,Total time (s),Execution time (s),Compilation / Interpretation time (s),Peak Memory usage (kB),Version
Python,0.09,0.008,0.082,66228,3.8.13
C++,0.68,0.0,0.68,86096,11.2.0
Javascript,0.05,0.008,0.042,36572,17.9.0
Typescript,0.03,0.006,0.024,34004,1.20.5
Java,0.82,0.01,0.81,86548,18
C#,1.84,0.011,1.829,140004,6.0.2
Total (6),3.567,0.043,3.467,449452,####

Language,Total time (s),Execution time (s),Compilation / Interpretation time (s),Peak Memory usage (kB),Version
Python,2.19,2.171,0.019,8716,3.10.4
C++,0.54,0.072,0.468,67524,11.2.0
Javascript,0.15,0.101,0.049,36344,17.9.0
Typescript,0.12,0.102,0.018,36412,1.20.5
Java,0.9,0.083,0.817,85112,18
C#,1.89,0.09,1.8,133036,6.0.2
Lua,0.4,0.397,0.003,3564,5.4
Total (7),6.247,3.016,3.174,370708,####

Language,Total time (s),Execution time (s),Compilation / Interpretation time (s),Peak Memory usage (kB),Version
Python,0.09,0.008,0.082,66084,3.8.13
C++,0.68,0.0,0.68,86172,11.2.0
Javascript,0.05,0.009,0.041,36572,17.9.0
Typescript,0.03,0.006,0.024,33020,1.20.5
Java,0.82,0.01,0.81,86468,18
C#,1.83,0.011,1.819,144612,6.0.2
Lua,0.0,0.002,-0.002,3652,5.4
Total (7),3.565,0.045,3.455,456580,####

Language,Total time (s),Execution time (s),Compilation / Interpretation time (s),Peak Memory usage (kB),Version
Python,2.04,2.022,0.018,8384,3.10.4
C++,0.55,0.072,0.478,67508,11.2.0
Javascript,0.15,0.102,0.048,36420,17.9.0
Typescript,0.12,0.103,0.017,36496,1.20.5
Java,0.9,0.086,0.814,85992,18
C#,1.89,0.09,1.8,130448,6.0.2
Lua,0.4,0.398,0.002,3636,5.4
Total (7),6.121,2.874,3.176,368884,####

Language,Total time (s),Execution time (s),Compilation / Interpretation time (s),Peak Memory usage (kB),Version
Python,0.1,0.007,0.093,65992,3.8.13
C++,0.69,0.0,0.69,86240,11.2.0
Javascript,0.05,0.008,0.042,36692,17.9.0
Typescript,0.03,0.006,0.024,32672,1.20.5
Java,0.96,0.011,0.949,84224,18
C#,1.82,0.011,1.809,144388,6.0.2
Lua,0.0,0.002,-0.002,3588,5.4
Total (7),3.712,0.045,3.605,453796,####

Language,Total time (s),Execution time (s),Compilation / Interpretation time (s),Peak Memory usage (kB),Version
Python,2.23,2.193,0.037,8560,3.10.4
C++,0.82,0.077,0.743,67556,11.2.0
Javascript,0.27,0.174,0.096,36192,17.9.0
Typescript,0.24,0.198,0.042,36488,1.20.5
Java,1.62,0.089,1.531,78988,18
C#,2.47,0.09,2.38,133784,6.0.2
Lua,0.63,0.4,0.23,3588,5.4
Total (7),2.49,3.221,5.059,365156,####

Language,Total time (s),Execution time (s),Compilation / Interpretation time (s),Peak Memory usage (kB),Version
Python,0.13,0.008,0.122,65560,3.8.13
C++,0.82,0.0,0.82,86280,11.2.0
Javascript,0.1,0.011,0.089,36576,17.9.0
Typescript,0.07,0.016,0.054,32664,1.20.5
Java,1.19,0.01,1.18,76028,18
C#,2.21,0.011,2.199,134372,6.0.2
Lua,0.01,0.002,0.008,3520,5.4
Total (7),2.241,0.059,4.471,435000,####

Language,Total time (s),Execution time (s),Compilation / Interpretation time (s),Peak Memory usage (kB),Version
Python,2.27,2.209,0.061,8560,3.10.4
C++,1.05,0.085,0.965,67560,11.2.0
Javascript,0.4,0.262,0.138,36108,17.9.0
Typescript,0.31,0.228,0.082,36340,1.20.5
Java,1.77,0.085,1.685,85848,18
C#,2.67,0.107,2.563,134780,6.0.2
Lua,0.64,0.4,0.24,3604,5.4
Total (7),2.727,3.376,5.734,372800,####

Language,Total time (s),Execution time (s),Compilation / Interpretation time (s),Peak Memory usage (kB),Version
Python,0.2,0.009,0.191,66108,3.8.13
C++,0.96,0.0,0.96,86312,11.2.0
Javascript,0.13,0.01,0.12,36260,17.9.0
Typescript,0.09,0.012,0.078,32712,1.20.5
Java,1.29,0.011,1.279,77460,18
C#,2.26,0.012,2.248,138728,6.0.2
Lua,0.02,0.002,0.018,3640,5.4
Total (7),2.321,0.056,4.894,441220,####

Language,Total time (s),Execution time (s),Compilation / Interpretation time (s),Peak Memory usage (kB),Version
Python,1.71,1.691,0.019,8332,3.10.4
C++,0.55,0.072,0.478,67572,11.2.0
Javascript,0.15,0.102,0.048,36232,17.9.0
Typescript,0.12,0.102,0.018,35564,1.20.5
Java,0.88,0.085,0.795,86032,18
C#,1.97,0.09,1.88,130808,6.0.2
Lua,0.4,0.396,0.004,3700,5.4
Total (7),5.839,2.538,3.242,368240,####

Language,Total time (s),Execution time (s),Compilation / Interpretation time (s),Peak Memory usage (kB),Version
Python,0.1,0.008,0.092,65760,3.8.13
C++,0.69,0.0,0.69,86240,11.2.0
Javascript,0.05,0.008,0.042,36604,17.9.0
Typescript,0.02,0.005,0.015,32652,1.20.5
Java,0.81,0.01,0.8,86156,18
C#,1.82,0.011,1.809,140456,6.0.2
Lua,0.0,0.002,-0.002,3656,5.4
Total (7),3.564,0.044,3.446,451524,####

Language,Total time (s),Execution time (s),Compilation / Interpretation time (s),Peak Memory usage (kB),Version
Python,2.26,2.223,0.037,8560,3.10.4
C++,0.99,0.124,0.866,67524,11.2.0
Javascript,0.19,0.112,0.078,36516,17.9.0
Typescript,0.26,0.223,0.037,36144,1.20.5
Java,1.7,0.106,1.594,85000,18
C#,2.7,0.092,2.608,144856,6.0.2
Lua,0.84,0.0,0.84,3632,5.4
Total (7),2.735,2.881,6.059,382232,####

Language,Total time (s),Execution time (s),Compilation / Interpretation time (s),Peak Memory usage (kB),Version
Python,0.11,0.008,0.102,65952,3.8.13
C++,0.86,0.0,0.86,86288,11.2.0
Javascript,0.11,0.026,0.084,36632,17.9.0
Typescript,0.06,0.006,0.054,32048,1.20.5
Java,1.22,0.011,1.209,81452,18
C#,2.14,0.011,2.129,132128,6.0.2
Lua,0.03,0.0,0.03,3548,5.4
Total (7),2.168,0.063,4.467,438048,####

Language,Total time (s),Execution time (s),Compilation / Interpretation time (s),Peak Memory usage (kB),Version
Python,2.05,2.031,0.019,8488,3.10.4
C++,0.54,0.071,0.469,67492,11.2.0
Javascript,0.15,0.101,0.049,36184,17.9.0
Typescript,0.12,0.103,0.017,36504,1.20.5
Java,0.88,0.083,0.797,75680,18
C#,1.89,0.091,1.799,145776,6.0.2
Lua,0.4,0.0,0.4,3612,5.4
Php,0.77,0.762,0.008,20652,8.1.4
Total (8),6.885,3.242,3.558,394388,####

Language,Total time (s),Execution time (s),Compilation / Interpretation time (s),Peak Memory usage (kB),Version
Python,0.1,0.007,0.093,66008,3.8.13
C++,0.67,0.0,0.67,86168,11.2.0
Javascript,0.05,0.009,0.041,36684,17.9.0
Typescript,0.03,0.006,0.024,33128,1.20.5
Java,0.81,0.01,0.8,75676,18
C#,1.81,0.011,1.799,139052,6.0.2
Lua,0.0,0.0,-0.0,3712,5.4
Php,0.02,0.004,0.016,21504,8.1.4
Total (8),3.559,0.048,3.442,461932,####

Language,Total time (s),Execution time (s),Compilation / Interpretation time (s),Peak Memory usage (kB),Version
Python,2.62,2.586,0.034,8560,3.10.4
C++,1.32,0.172,1.148,67528,11.2.0
Javascript,0.46,0.322,0.138,36144,17.9.0
Typescript,0.42,0.316,0.104,36504,1.20.5
Java,1.9,0.087,1.813,72724,18
C#,2.76,0.089,2.671,129700,6.0.2
Lua,0.79,0.0,0.79,3532,5.4
Php,1.03,1.018,0.012,20852,8.1.4
Total (8),2.783,4.59,6.71,375544,####

Language,Total time (s),Execution time (s),Compilation / Interpretation time (s),Peak Memory usage (kB),Version
Python,0.13,0.01,0.12,66044,3.8.13
C++,0.85,0.0,0.85,86236,11.2.0
Javascript,0.11,0.009,0.101,36556,17.9.0
Typescript,0.04,0.008,0.032,32344,1.20.5
Java,1.16,0.011,1.149,74028,18
C#,2.17,0.011,2.159,134300,6.0.2
Lua,0.0,0.0,-0.0,3620,5.4
Php,0.03,0.004,0.026,21676,8.1.4
Total (8),2.189,0.054,4.436,454804,####

Language,Total time (s),Execution time (s),Compilation / Interpretation time (s),Peak Memory usage (kB),Version
Python,2.31,2.2789,0.0311,8536,3.10.4
C++,1.17,0.089,1.081,67612,11.2.0
Javascript,0.2,0.115,0.085,36512,17.9.0
Typescript,0.16,0.1274,0.0326,36516,1.20.5
Java,1.71,0.0857,1.6243,74308,18
C#,2.56,0.09,2.47,130312,6.0.2
Lua,0.98,0.0004,0.9796,3692,5.4
Php,1.08,1.067,0.013,20800,8.1.4
Total (8),2.5968,3.8533,6.3167,378288,####

Language,Total time (s),Execution time (s),Compilation / Interpretation time (s),Peak Memory usage (kB),Version
Python,0.11,0.0088,0.1012,65564,3.8.13
C++,0.89,0.0,0.89,86360,11.2.0
Javascript,0.13,0.011,0.119,36700,17.9.0
Typescript,0.04,0.0074,0.0326,32808,1.20.5
Java,1.26,0.0112,1.2488,74364,18
C#,2.21,0.011,2.199,138640,6.0.2
Lua,0.0,0.0,-0.0,3616,5.4
Php,0.02,0.0041,0.0159,21476,8.1.4
Total (8),2.2373,0.0535,4.6065,459528,####

Language,Total time (s),Execution time (s),Compilation / Interpretation time (s),Peak Memory usage (kB),Version
Python,2.41,2.3575,0.0525,8560,3.10.4
C++,1.05,0.156,0.894,67516,11.2.0
Javascript,0.46,0.33,0.13,36108,17.9.0
Typescript,0.31,0.2283,0.0817,35560,1.20.5
Java,1.71,0.0852,1.6248,74308,18
C#,2.82,0.092,2.728,137360,6.0.2
Lua,0.71,0.0004,0.7096,3628,5.4
Php,1.31,1.2696,0.0404,20500,8.1.4
Total (8),2.8466,4.519,6.261,383540,####

Language,Total time (s),Execution time (s),Compilation / Interpretation time (s),Peak Memory usage (kB),Version
Python,0.19,0.009,0.181,66044,3.8.13
C++,0.86,0.0,0.86,86268,11.2.0
Javascript,0.15,0.031,0.119,36676,17.9.0
Typescript,0.04,0.0144,0.0256,32468,1.20.5
Java,1.1,0.0107,1.0893,81184,18
C#,2.12,0.012,2.108,132648,6.0.2
Lua,0.02,0.0,0.02,3596,5.4
Php,0.03,0.0042,0.0258,21400,8.1.4
Total (8),2.1527,0.0813,4.4287,460284,####

Language,Total time (s),Execution time (s),Compilation / Interpretation time (s),Peak Memory usage (kB),Version
Python,2.46,2.4317,0.0283,8720,3.10.4
C++,1.0,0.105,0.895,67548,11.2.0
Javascript,0.35,0.23,0.12,36192,17.9.0
Typescript,0.17,0.1347,0.0353,36388,1.20.5
Java,1.78,0.0926,1.6874,73104,18
C#,2.65,0.092,2.558,145040,6.0.2
Lua,0.73,0.0004,0.7296,3632,5.4
Php,1.18,1.1361,0.0439,20728,8.1.4
Total (8),2.6864,4.2225,6.0975,391352,####

Language,Total time (s),Execution time (s),Compilation / Interpretation time (s),Peak Memory usage (kB),Version
Python,0.19,0.0086,0.1814,65676,3.8.13
C++,0.93,0.0,0.93,86248,11.2.0
Javascript,0.13,0.01,0.12,36300,17.9.0
Typescript,0.08,0.0214,0.0586,33128,1.20.5
Java,1.24,0.013,1.227,74004,18
C#,2.2,0.011,2.189,132984,6.0.2
Lua,0.01,0.0,0.01,3548,5.4
Php,0.04,0.004,0.036,21364,8.1.4
Total (8),2.2247,0.0681,4.7519,453252,####

Language,Total time (s),Execution time (s),Compilation / Interpretation time (s),Peak Memory usage (kB),Version
Python,2.11,2.0577,0.0523,8436,3.10.4
C++,4.38,0.073,4.307,67172,11.2.0
Javascript,2.0,0.305,1.695,36140,17.9.0
Typescript,3.24,0.3251,2.9149,36484,1.20.5
Java,5.37,0.0863,5.2837,92852,18
C#,13.49,0.09,13.4,138924,6.0.2
Lua,0.46,0.0004,0.4596,3540,5.4
Php,1.59,0.7412,0.8488,20484,8.1.4
Ruby,1.52,1.4402,0.0798,13396,3.0.3
Total (9),34.3035,5.1189,29.0411,417428,####

Language,Total time (s),Execution time (s),Compilation / Interpretation time (s),Peak Memory usage (kB),Version
Python,3.66,0.2529,3.4071,65528,3.8.13
C++,1.2,0.0,1.2,85952,11.2.0
Javascript,0.17,0.06,0.11,36548,17.9.0
Typescript,0.12,0.0061,0.1139,33432,1.20.5
Java,0.88,0.0111,0.8689,83528,18
C#,2.05,0.011,2.039,129172,6.0.2
Lua,0.02,0.0,0.02,3560,5.4
Php,0.02,0.0042,0.0158,21252,8.1.4
Ruby,0.07,0.016,0.054,13828,3.0.3
Total (9),8.2734,0.3614,7.8286,472800,####

Language,Total time (s),Execution time (s),Compilation / Interpretation time (s),Peak Memory usage (kB),Version
Python,3.21,3.1412,0.0688,8620,3.10.4
C++,1.73,0.172,1.558,67432,11.2.0
Javascript,0.23,0.134,0.096,36412,17.9.0
Typescript,0.44,0.3741,0.0659,36656,1.20.5
Java,2.49,0.0885,2.4015,86020,18
C#,3.59,0.092,3.498,137492,6.0.2
Lua,0.79,0.0004,0.7896,3576,5.4
Php,1.84,1.826,0.014,20492,8.1.4
Ruby,2.84,2.6746,0.1654,13400,3.0.3
Total (9),3.6098,8.5028,8.6572,410100,####

Language,Total time (s),Execution time (s),Compilation / Interpretation time (s),Peak Memory usage (kB),Version
Python,0.16,0.009,0.151,65728,3.8.13
C++,0.95,0.0,0.95,86012,11.2.0
Javascript,0.08,0.01,0.07,36572,17.9.0
Typescript,0.08,0.0142,0.0658,32816,1.20.5
Java,1.3,0.0103,1.2897,77668,18
C#,2.17,0.011,2.159,133292,6.0.2
Lua,0.02,0.0,0.02,3512,5.4
Php,0.05,0.0156,0.0344,21168,8.1.4
Ruby,0.12,0.0209,0.0991,13748,3.0.3
Total (9),2.2026,0.0911,4.8389,470516,####

Language,Total time (s),Execution time (s),Compilation / Interpretation time (s),Peak Memory usage (kB),Version
Python,2.74,2.7166,0.0234,8480,3.10.4
C++,1.41,0.24,1.17,67400,11.2.0
Javascript,0.23,0.137,0.093,36320,17.9.0
Typescript,0.34,0.2969,0.0431,36588,1.20.5
Java,2.73,0.2102,2.5198,84976,18
C#,3.34,0.09,3.25,145296,6.0.2
Lua,1.18,0.0004,1.1796,3500,5.4
Php,1.85,1.8111,0.0389,20392,8.1.4
Ruby,2.88,2.713,0.167,13536,3.0.3
Total (9),3.384,8.2153,8.4847,416488,####

Language,Total time (s),Execution time (s),Compilation / Interpretation time (s),Peak Memory usage (kB),Version
Python,0.12,0.0093,0.1107,66144,3.8.13
C++,0.92,0.0,0.92,86092,11.2.0
Javascript,0.17,0.011,0.159,36572,17.9.0
Typescript,0.13,0.0162,0.1138,32960,1.20.5
Java,1.26,0.0121,1.2479,82184,18
C#,2.26,0.012,2.248,133796,6.0.2
Lua,0.01,0.0,0.01,3656,5.4
Php,0.03,0.0046,0.0254,21428,8.1.4
Ruby,0.18,0.0212,0.1588,13740,3.0.3
Total (9),2.2781,0.0864,4.9936,476572,####

Language,Total time (s),Execution time (s),Compilation / Interpretation time (s),Peak Memory usage (kB),Version
Python,3.16,3.1052,0.0548,8484,3.10.4
C++,1.1,0.171,0.929,67456,11.2.0
Javascript,0.25,0.12,0.13,36408,17.9.0
Typescript,0.33,0.2731,0.0569,37184,1.20.5
Java,2.22,0.0882,2.1318,77024,18
C#,3.25,0.091,3.159,140344,6.0.2
Lua,1.14,0.0004,1.1396,3568,5.4
Php,2.01,1.9636,0.0464,20604,8.1.4
Ruby,2.68,2.3877,0.2923,13384,3.0.3
Total (9),3.282,8.2001,7.9399,404456,####

Language,Total time (s),Execution time (s),Compilation / Interpretation time (s),Peak Memory usage (kB),Version
Python,2.14,2.1241,0.0159,8580,3.10.4
C++,0.56,0.074,0.486,67460,11.2.0
Javascript,0.15,0.103,0.047,36432,17.9.0
Typescript,0.12,0.1035,0.0165,36156,1.20.5
Java,0.96,0.0858,0.8742,84192,18
C#,1.99,0.09,1.9,134536,6.0.2
Lua,0.4,0.0004,0.3996,3620,5.4
Php,0.75,0.7414,0.0086,20704,8.1.4
Ruby,1.54,1.4783,0.0617,13440,3.0.3
Total (9),8.7044,4.8005,3.8095,405120,####

Language,Total time (s),Execution time (s),Compilation / Interpretation time (s),Peak Memory usage (kB),Version
Python,0.12,0.0076,0.1124,65752,3.8.13
C++,0.73,0.0,0.73,85940,11.2.0
Javascript,0.06,0.009,0.051,36528,17.9.0
Typescript,0.03,0.0057,0.0243,33688,1.20.5
Java,0.85,0.0107,0.8393,84424,18
C#,1.83,0.012,1.818,133836,6.0.2
Lua,0.0,0.0,-0.0,3564,5.4
Php,0.02,0.0039,0.0161,21448,8.1.4
Ruby,0.07,0.0161,0.0539,13744,3.0.3
Total (9),3.8009,0.0649,3.6451,478924,####

Language,Total time (s),Execution time (s),Compilation / Interpretation time (s),Peak Memory usage (kB),Version
Python,3.37,3.3447,0.0253,8464,3.10.4
C++,1.62,0.223,1.397,67464,11.2.0
Javascript,0.63,0.416,0.214,36372,17.9.0
Typescript,0.18,0.1349,0.0451,36968,1.20.5
Java,2.5,0.0964,2.4036,87192,18
C#,3.42,0.091,3.329,138808,6.0.2
Lua,0.53,0.0004,0.5296,3628,5.4
Php,1.95,1.9126,0.0374,20424,8.1.4
Ruby,2.64,2.469,0.171,13528,3.0.3
Total (9),3.4529,8.688,8.152,412848,####

Language,Total time (s),Execution time (s),Compilation / Interpretation time (s),Peak Memory usage (kB),Version
Python,0.16,0.0102,0.1498,65560,3.8.13
C++,0.95,0.0,0.95,86080,11.2.0
Javascript,0.1,0.01,0.09,36200,17.9.0
Typescript,0.07,0.0162,0.0538,33860,1.20.5
Java,1.29,0.0111,1.2789,77768,18
C#,2.24,0.011,2.229,128960,6.0.2
Lua,0.01,0.0,0.01,3676,5.4
Php,0.07,0.0213,0.0487,21152,8.1.4
Ruby,0.11,0.0234,0.0866,13608,3.0.3
Total (9),2.2703,0.1032,4.8968,466864,####

Language,Total time (s),Execution time (s),Compilation / Interpretation time (s),Peak Memory usage (kB),Version
Python,2.95,2.9124,0.0376,8548,3.10.4
C++,1.8,0.195,1.605,67348,11.2.0
Javascript,0.51,0.353,0.157,36364,17.9.0
Typescript,0.23,0.1812,0.0488,36424,1.20.5
Java,2.61,0.1171,2.4929,86072,18
C#,3.57,0.093,3.477,139104,6.0.2
Lua,0.74,0.0004,0.7396,3552,5.4
Php,1.85,1.8227,0.0273,20684,8.1.4
Ruby,2.89,2.678,0.212,13356,3.0.3
Total (9),3.6039,8.3528,8.7972,411452,####

Language,Total time (s),Execution time (s),Compilation / Interpretation time (s),Peak Memory usage (kB),Version
Python,0.15,0.0086,0.1414,66096,3.8.13
C++,0.99,0.0,0.99,86104,11.2.0
Javascript,0.09,0.011,0.079,36480,17.9.0
Typescript,0.04,0.0075,0.0325,33836,1.20.5
Java,1.35,0.0117,1.3383,78076,18
C#,2.25,0.012,2.238,129352,6.0.2
Lua,0.02,0.0,0.02,3668,5.4
Php,0.08,0.0093,0.0707,21504,8.1.4
Ruby,0.17,0.0212,0.1488,13588,3.0.3
Total (9),2.286,0.0814,5.0586,468704,####

Language,Total time (s),Execution time (s),Compilation / Interpretation time (s),Peak Memory usage (kB),Version
Python,2.64,2.5895,0.0505,8488,3.10.4
C++,1.44,0.099,1.341,67468,11.2.0
Javascript,0.37,0.237,0.133,36456,17.9.0
Typescript,0.19,0.1604,0.0296,37332,1.20.5
Java,2.61,0.0878,2.5222,73520,18
C#,4.18,0.089,4.091,140528,6.0.2
Lua,0.97,0.0004,0.9696,3600,5.4
Php,1.93,1.5999,0.3301,20712,8.1.4
Ruby,2.66,2.5022,0.1578,13532,3.0.3
Go,1.04,0.509,0.531,40552,1.18
Total (10),4.2149,7.8742,10.1558,442188,####

Language,Total time (s),Execution time (s),Compilation / Interpretation time (s),Peak Memory usage (kB),Version
Python,0.61,0.0109,0.5991,66092,3.8.13
C++,0.81,0.0,0.81,86056,11.2.0
Javascript,0.16,0.016,0.144,36884,17.9.0
Typescript,0.07,0.0139,0.0561,33312,1.20.5
Java,1.15,0.0109,1.1391,82668,18
C#,2.28,0.011,2.269,135444,6.0.2
Lua,0.02,0.0,0.02,3564,5.4
Php,0.03,0.0045,0.0255,21424,8.1.4
Ruby,0.16,0.0535,0.1065,13584,3.0.3
Go,0.24,0.0001,0.2399,18984,1.18
Total (10),2.3138,0.1208,5.4092,498012,####

Language,Total time (s),Execution time (s),Compilation / Interpretation time (s),Peak Memory usage (kB),Version
Python,1.69,1.6695,0.0205,8604,3.10.4
C++,0.54,0.077,0.463,67468,11.2.0
Javascript,0.16,0.1,0.06,37024,17.9.0
Typescript,0.12,0.1013,0.0187,36492,1.20.5
Java,0.88,0.0827,0.7973,74836,18
C#,1.9,0.089,1.811,138876,6.0.2
Lua,0.4,0.0004,0.3996,3604,5.4
Php,0.74,0.726,0.014,20416,8.1.4
Ruby,1.47,1.4098,0.0602,13464,3.0.3
Go,0.31,0.1734,0.1366,40904,1.18
Total (10),8.3067,4.4291,3.7809,441688,####

Language,Total time (s),Execution time (s),Compilation / Interpretation time (s),Peak Memory usage (kB),Version
Python,0.09,0.0073,0.0827,65888,3.8.13
C++,0.67,0.0,0.67,85964,11.2.0
Javascript,0.05,0.008,0.042,36540,17.9.0
Typescript,0.02,0.0055,0.0145,33104,1.20.5
Java,0.77,0.0099,0.7601,74572,18
C#,1.77,0.011,1.759,139848,6.0.2
Lua,0.0,0.0,-0.0,3608,5.4
Php,0.02,0.0038,0.0162,21232,8.1.4
Ruby,0.07,0.0158,0.0542,13776,3.0.3
Go,0.08,0.0001,0.0799,18384,1.18
Total (10),3.6348,0.0615,3.4785,492916,####

Language,Total time (s),Execution time (s),Compilation / Interpretation time (s),Peak Memory usage (kB),Version
Python,4.18,4.1124,0.0676,8524,3.10.4
C++,1.84,0.23,1.61,67420,11.2.0
Javascript,0.49,0.299,0.191,36336,17.9.0
Typescript,0.33,0.2723,0.0577,37040,1.20.5
Java,3.24,0.0997,3.1403,76132,18
C#,4.23,0.091,4.139,145060,6.0.2
Lua,1.84,0.0004,1.8396,3532,5.4
Php,2.53,2.5007,0.0293,20796,8.1.4
Ruby,3.41,3.1282,0.2818,13372,3.0.3
Go,1.4,0.7659,0.6341,43116,1.18
Rust,2.68,1.048,1.632,178656,1.60.0
Total (11),4.2666,12.5477,13.6223,629984,####

Language,Total time (s),Execution time (s),Compilation / Interpretation time (s),Peak Memory usage (kB),Version
Python,0.19,0.0204,0.1696,66036,3.8.13
C++,1.0,0.0,1.0,85912,11.2.0
Javascript,0.19,0.031,0.159,36568,17.9.0
Typescript,0.15,0.0427,0.1073,33396,1.20.5
Java,1.33,0.0112,1.3188,77700,18
C#,2.27,0.011,2.259,130560,6.0.2
Lua,0.02,0.0,0.02,3676,5.4
Php,0.11,0.0296,0.0804,21252,8.1.4
Ruby,0.18,0.0248,0.1552,13660,3.0.3
Go,0.24,0.0001,0.2399,18304,1.18
Rust,0.1,0.02,0.08,18124,1.60.0
Total (11),2.3,0.1908,5.5892,505188,####

Language,Total time (s),Execution time (s),Compilation / Interpretation time (s),Peak Memory usage (kB),Version
Python,2.17,2.1465,0.0235,8384,3.10.4
C++,0.55,0.072,0.478,67480,11.2.0
Javascript,0.15,0.102,0.048,36096,17.9.0
Typescript,0.12,0.1033,0.0167,37284,1.20.5
Java,0.91,0.0852,0.8248,84908,18
C#,1.97,0.09,1.88,140724,6.0.2
Lua,0.4,0.0004,0.3996,3504,5.4
Php,0.76,0.7427,0.0173,20388,8.1.4
Ruby,1.56,1.4996,0.0604,13524,3.0.3
Go,0.33,0.1766,0.1534,42496,1.18
Rust,0.79,0.399,0.391,178484,1.60.0
Total (11),9.814,5.4173,4.2927,633272,####

Language,Total time (s),Execution time (s),Compilation / Interpretation time (s),Peak Memory usage (kB),Version
Python,0.1,0.0077,0.0923,65552,3.8.13
C++,0.86,0.0,0.86,86088,11.2.0
Javascript,0.06,0.013,0.047,36544,17.9.0
Typescript,0.03,0.0068,0.0232,34004,1.20.5
Java,1.34,0.0109,1.3291,78504,18
C#,2.02,0.012,2.008,129012,6.0.2
Lua,0.0,0.0,-0.0,3680,5.4
Php,0.03,0.0059,0.0241,21464,8.1.4
Ruby,0.08,0.0163,0.0637,13764,3.0.3
Go,0.12,0.0001,0.1199,18108,1.18
Rust,0.02,0.006,0.014,18420,1.60.0
Total (11),4.7936,0.0787,4.5813,505140,####

Language,Total time (s),Execution time (s),Compilation / Interpretation time (s),Peak Memory usage (kB),Version
Python,1.77,1.7474,0.0226,8444,3.10.4
C++,0.61,0.073,0.537,67456,11.2.0
Javascript,0.15,0.104,0.046,36636,17.9.0
Typescript,0.13,0.1073,0.0227,37420,1.20.5
Java,0.98,0.0915,0.8885,84772,18
C#,2.08,0.095,1.985,140756,6.0.2
Lua,0.4,0.0004,0.3996,3564,5.4
Php,0.75,0.7386,0.0114,20444,8.1.4
Ruby,1.55,1.4875,0.0625,13516,3.0.3
Go,0.44,0.1793,0.2607,40168,1.18
Rust,0.99,0.494,0.496,178196,1.60.0
Total (11),9.9465,5.118,4.732,631372,####

Language,Total time (s),Execution time (s),Compilation / Interpretation time (s),Peak Memory usage (kB),Version
Python,0.11,0.0086,0.1014,65776,3.8.13
C++,0.88,0.0,0.88,86020,11.2.0
Javascript,0.06,0.009,0.051,36480,17.9.0
Typescript,0.03,0.0059,0.0241,33516,1.20.5
Java,1.25,0.0118,1.2382,83932,18
C#,2.11,0.012,2.098,133736,6.0.2
Lua,0.0,0.0,-0.0,3576,5.4
Php,0.02,0.004,0.016,21596,8.1.4
Ruby,0.09,0.0251,0.0649,14000,3.0.3
Go,0.13,0.0001,0.1299,18392,1.18
Rust,0.02,0.006,0.014,18296,1.60.0
Total (11),4.7912,0.0825,4.6175,515320,####

Language,Total time (s),Execution time (s),Compilation / Interpretation time (s),Peak Memory usage (kB),Version
Python,3.69,3.6528,0.0372,8492,3.10.4
C++,1.93,0.162,1.768,67444,11.2.0
Javascript,0.69,0.466,0.224,36548,17.9.0
Typescript,0.66,0.5666,0.0934,36764,1.20.5
Java,2.78,0.1006,2.6794,85676,18
C#,3.48,0.09,3.39,143912,6.0.2
Lua,1.02,0.0004,1.0196,3544,5.4
Php,2.49,2.4211,0.0689,20760,8.1.4
Ruby,2.79,2.4836,0.3064,13396,3.0.3
Go,1.19,0.534,0.656,42924,1.18
Rust,1.91,1.051,0.859,179280,1.60.0
Total (11),3.7054,11.5281,11.1019,638740,####

Language,Total time (s),Execution time (s),Compilation / Interpretation time (s),Peak Memory usage (kB),Version
Python,0.28,0.0437,0.2363,65984,3.8.13
C++,0.99,0.0,0.99,86112,11.2.0
Javascript,0.19,0.009,0.181,36432,17.9.0
Typescript,0.12,0.036,0.084,33084,1.20.5
Java,1.38,0.0104,1.3696,78568,18
C#,2.23,0.011,2.219,133412,6.0.2
Lua,0.03,0.0,0.03,3692,5.4
Php,0.08,0.0259,0.0541,21284,8.1.4
Ruby,0.25,0.048,0.202,13592,3.0.3
Go,0.35,0.0001,0.3499,18688,1.18
Rust,0.08,0.006,0.074,18452,1.60.0
Total (11),2.2557,0.1901,5.7899,509300,####

Language,Total time (s),Execution time (s),Compilation / Interpretation time (s),Peak Memory usage (kB),Version
Python,3.31,3.2921,0.0179,8560,3.10.4
C++,1.71,0.121,1.589,67452,11.2.0
Javascript,0.47,0.322,0.148,36264,17.9.0
Typescript,0.38,0.3338,0.0462,36876,1.20.5
Java,2.61,0.0997,2.5103,85732,18
C#,3.49,0.09,3.4,139228,6.0.2
Lua,1.08,0.0004,1.0796,3600,5.4
Php,2.08,2.0258,0.0542,20484,8.1.4
Ruby,3.02,2.8266,0.1934,13340,3.0.3
Go,1.23,0.586,0.644,40928,1.18
Rust,2.08,0.736,1.344,178464,1.60.0
Total (11),3.5125,10.4334,11.0266,630928,####

Language,Total time (s),Execution time (s),Compilation / Interpretation time (s),Peak Memory usage (kB),Version
Python,3.51,3.4782,0.0318,8560,3.10.4
C++,1.61,0.223,1.387,67384,11.2.0
Javascript,0.57,0.393,0.177,36304,17.9.0
Typescript,0.34,0.2953,0.0447,37116,1.20.5
Java,2.66,0.0877,2.5723,79580,18
C#,3.48,0.099,3.381,140580,6.0.2
Lua,1.47,0.0004,1.4696,3636,5.4
Php,2.16,2.1238,0.0362,20748,8.1.4
Ruby,2.9,2.6772,0.2228,13636,3.0.3
Go,1.25,0.5,0.75,43532,1.18
Rust,2.33,0.85,1.48,178716,1.60.0
Total (11),3.5168,10.7277,11.5523,629792,####

Language,Total time (s),Execution time (s),Compilation / Interpretation time (s),Peak Memory usage (kB),Version
Python,3.21,3.1747,0.0353,8620,3.10.4
C++,1.44,0.102,1.338,67368,11.2.0
Javascript,0.45,0.335,0.115,36264,17.9.0
Typescript,0.4,0.3512,0.0488,37396,1.20.5
Java,2.64,0.0901,2.5499,83088,18
C#,3.47,0.09,3.38,135696,6.0.2
Lua,1.23,0.0004,1.2296,3708,5.4
Php,1.73,1.6695,0.0605,20360,8.1.4
Ruby,2.99,2.84,0.15,13364,3.0.3
Go,1.34,0.6836,0.6564,41828,1.18
Rust,2.27,0.76,1.51,180264,1.60.0
Total (11),3.5159,10.0967,11.0733,627956,####

Language,Total time (s),Execution time (s),Compilation / Interpretation time (s),Peak Memory usage (kB),Version
Python,3.5,3.4309,0.0691,8384,3.10.4
C++,1.54,0.155,1.385,67476,11.2.0
Javascript,0.5,0.352,0.148,36360,17.9.0
Typescript,0.41,0.3438,0.0662,37472,1.20.5
Java,2.56,0.0868,2.4732,83604,18
C#,3.45,0.093,3.357,145016,6.0.2
Lua,1.47,0.0004,1.4696,3588,5.4
Php,2.03,1.9815,0.0485,20584,8.1.4
Ruby,2.97,2.7131,0.2569,13536,3.0.3
Go,1.25,0.5774,0.6726,41340,1.18
Rust,2.17,0.949,1.221,180388,1.60.0
Total (11),3.5141,10.6829,11.1671,637748,####

Language,Total time (s),Execution time (s),Compilation / Interpretation time (s),Peak Memory usage (kB),Version
Python,3.49,3.4261,0.0639,8352,3.10.4
C++,1.55,0.136,1.414,67476,11.2.0
Javascript,0.61,0.446,0.164,36576,17.9.0
Typescript,0.32,0.2704,0.0496,37428,1.20.5
Java,2.51,0.0872,2.4228,82864,18
C#,3.42,0.09,3.33,139908,6.0.2
Lua,1.22,0.0004,1.2196,3664,5.4
Php,2.17,2.15,0.02,20436,8.1.4
Ruby,2.85,2.5688,0.2812,13396,3.0.3
Go,1.13,0.5064,0.6236,40884,1.18
Rust,2.06,0.904,1.156,179152,1.60.0
Total (11),3.4974,10.5852,10.7448,630136,####

Language,Total time (s),Execution time (s),Compilation / Interpretation time (s),Peak Memory usage (kB),Version
Python,0.23,0.01,0.22,65548,3.8.13
C++,0.88,0.0,0.88,85984,11.2.0
Javascript,0.15,0.023,0.127,36532,17.9.0
Typescript,0.07,0.0184,0.0516,33708,1.20.5
Java,1.24,0.0103,1.2297,78984,18
C#,2.14,0.011,2.129,133448,6.0.2
Lua,0.0,0.0,-0.0,3516,5.4
Php,0.02,0.0041,0.0159,21224,8.1.4
Ruby,0.17,0.0258,0.1442,13660,3.0.3
Go,0.26,0.0001,0.2599,18296,1.18
Rust,0.04,0.006,0.034,18224,1.60.0
Total (11),2.161,0.1086,5.0914,509124,####

Language,Total time (s),Execution time (s),Compilation / Interpretation time (s),Peak Memory usage (kB),Version
Python,3.13,3.0825,0.0475,8556,3.10.4
C++,1.49,0.163,1.327,67368,11.2.0
Javascript,0.53,0.343,0.187,36460,17.9.0
Typescript,0.41,0.3341,0.0759,36420,1.20.5
Java,2.5,0.0976,2.4024,86916,18
C#,3.4,0.089,3.311,143972,6.0.2
Lua,1.09,0.0004,1.0896,3536,5.4
Php,2.25,2.2137,0.0363,20496,8.1.4
Ruby,2.94,2.7255,0.2145,13376,3.0.3
Go,1.26,0.5888,0.6712,40080,1.18
Rust,2.03,0.77,1.26,178472,1.60.0
Total (11),3.4191,10.4075,10.6225,635652,####

Language,Total time (s),Execution time (s),Compilation / Interpretation time (s),Peak Memory usage (kB),Version
Python,0.23,0.0127,0.2173,65748,3.8.13
C++,0.91,0.0,0.91,86028,11.2.0
Javascript,0.13,0.01,0.12,36448,17.9.0
Typescript,0.07,0.0063,0.0637,33800,1.20.5
Java,1.17,0.0102,1.1598,78976,18
C#,2.15,0.011,2.139,129092,6.0.2
Lua,0.03,0.0,0.03,3680,5.4
Php,0.03,0.0042,0.0258,21248,8.1.4
Ruby,0.13,0.0183,0.1117,13748,3.0.3
Go,0.23,0.0001,0.2299,18796,1.18
Rust,0.11,0.021,0.089,18144,1.60.0
Total (11),2.1817,0.0938,5.0962,505708,####

Language,Total time (s),Execution time (s),Compilation / Interpretation time (s),Peak Memory usage (kB),Version
Python,3.5,3.4646,0.0354,8656,3.10.4
C++,1.94,0.211,1.729,67404,11.2.0
Javascript,0.62,0.405,0.215,36228,17.9.0
Typescript,0.19,0.1604,0.0296,37388,1.20.5
Java,2.51,0.0928,2.4172,76668,18
C#,3.55,0.093,3.457,140488,6.0.2
Lua,1.36,0.0004,1.3596,3624,5.4
Php,2.09,2.0143,0.0757,20764,8.1.4
Ruby,3.1,2.7552,0.3448,13400,3.0.3
Go,1.25,0.5814,0.6686,41208,1.18
Rust,2.2,0.844,1.356,177000,1.60.0
Total (11),3.5708,10.6222,11.6878,622828,####

Language,Total time (s),Execution time (s),Compilation / Interpretation time (s),Peak Memory usage (kB),Version
Python,3.6,3.5722,0.0278,8532,3.10.4
C++,1.81,0.221,1.589,67484,11.2.0
Javascript,0.44,0.31,0.13,36600,17.9.0
Typescript,0.45,0.3693,0.0807,36992,1.20.5
Java,2.74,0.1117,2.6283,76968,18
C#,4.0,0.097,3.903,140628,6.0.2
Lua,1.12,0.0004,1.1196,3552,5.4
Php,2.45,2.3945,0.0555,20456,8.1.4
Ruby,3.42,3.2179,0.2021,13484,3.0.3
Go,1.08,0.4997,0.5803,40744,1.18
Rust,2.24,1.046,1.194,178000,1.60.0
Total (11),4.0236,11.8397,11.5103,623440,####

Language,Total time (s),Execution time (s),Compilation / Interpretation time (s),Peak Memory usage (kB),Version
Python,0.21,0.0076,0.2024,66032,3.8.13
C++,1.17,0.0,1.17,86076,11.2.0
Javascript,0.18,0.036,0.144,36648,17.9.0
Typescript,0.1,0.0157,0.0843,33328,1.20.5
Java,1.52,0.0109,1.5091,78968,18
C#,2.43,0.012,2.418,132636,6.0.2
Lua,0.01,0.0,0.01,3564,5.4
Php,0.05,0.0091,0.0409,21548,8.1.4
Ruby,0.19,0.0244,0.1656,13896,3.0.3
Go,0.3,0.0001,0.2999,18744,1.18
Rust,0.11,0.009,0.101,18160,1.60.0
Total (11),2.4565,0.1249,6.1451,509600,####

Language,Total time (s),Execution time (s),Compilation / Interpretation time (s),Peak Memory usage (kB),Version
Python,3.75,3.7089,0.0411,8652,3.10.4
C++,1.93,0.237,1.693,67400,11.2.0
Javascript,0.78,0.53,0.25,36200,17.9.0
Typescript,0.46,0.3738,0.0862,36536,1.20.5
Java,2.76,0.0928,2.6672,86040,18
C#,3.84,0.094,3.746,140244,6.0.2
Lua,1.42,0.0004,1.4196,3720,5.4
Php,2.39,2.3463,0.0437,20304,8.1.4
Ruby,3.18,2.8071,0.3729,13524,3.0.3
Go,1.22,0.4951,0.7249,41276,1.18
Rust,2.21,0.953,1.257,180572,1.60.0
Total (11),3.8657,11.6384,12.3016,634468,####

Language,Total time (s),Execution time (s),Compilation / Interpretation time (s),Peak Memory usage (kB),Version
Python,0.2,0.0081,0.1919,66124,3.8.13
C++,1.05,0.0,1.05,86112,11.2.0
Javascript,0.2,0.011,0.189,36716,17.9.0
Typescript,0.11,0.0138,0.0962,33048,1.20.5
Java,1.36,0.0116,1.3484,77484,18
C#,2.24,0.012,2.228,128964,6.0.2
Lua,0.03,0.0,0.03,3668,5.4
Php,0.13,0.0228,0.1072,21236,8.1.4
Ruby,0.12,0.0189,0.1011,13580,3.0.3
Go,0.23,0.0001,0.2299,18440,1.18
Rust,0.13,0.019,0.111,18128,1.60.0
Total (11),2.2808,0.1174,5.6826,503500,####

Language,Total time (s),Execution time (s),Compilation / Interpretation time (s),Peak Memory usage (kB),Version
Python,3.6,3.5372,0.0628,8560,3.10.4
C++,1.98,0.179,1.801,67452,11.2.0
Javascript,0.62,0.422,0.198,36228,17.9.0
Typescript,0.44,0.3925,0.0475,37052,1.20.5
Java,2.71,0.1068,2.6032,85620,18
C#,3.71,0.091,3.619,140944,6.0.2
Lua,1.41,0.0004,1.4096,3704,5.4
Php,2.12,2.0855,0.0345,20524,8.1.4
Ruby,2.86,2.5936,0.2664,13528,3.0.3
Go,1.26,0.6269,0.6331,41540,1.18
Rust,2.39,0.856,1.534,179412,1.60.0
Total (11),3.738,10.8908,12.2092,634564,####

Language,Total time (s),Execution time (s),Compilation / Interpretation time (s),Peak Memory usage (kB),Version
Python,4.59,4.5437,0.0463,8524,3.10.4
C++,2.14,0.242,1.898,67424,11.2.0
Javascript,0.48,0.333,0.147,36680,17.9.0
Typescript,0.38,0.3189,0.0611,37388,1.20.5
Java,2.99,0.122,2.868,76256,18
C#,4.22,0.091,4.129,140012,6.0.2
Lua,1.25,0.0004,1.2496,3544,5.4
Php,2.32,2.2719,0.0481,20528,8.1.4
Ruby,3.59,3.3967,0.1933,13528,3.0.3
Go,1.34,0.6616,0.6784,41128,1.18
Rust,2.49,1.098,1.392,178916,1.60.0
Total (11),4.5971,13.0792,12.7108,623928,####

Language,Total time (s),Execution time (s),Compilation / Interpretation time (s),Peak Memory usage (kB),Version
Python,0.19,0.0111,0.1789,66176,3.8.13
C++,0.99,0.0,0.99,86052,11.2.0
Javascript,0.14,0.011,0.129,36736,17.9.0
Typescript,0.1,0.0299,0.0701,34072,1.20.5
Java,1.35,0.0116,1.3384,75112,18
C#,2.21,0.012,2.198,129992,6.0.2
Lua,0.03,0.0,0.03,3600,5.4
Php,0.06,0.0248,0.0352,21428,8.1.4
Ruby,0.23,0.0215,0.2085,13656,3.0.3
Go,0.32,0.0001,0.3199,18696,1.18
Rust,0.14,0.027,0.113,18392,1.60.0
Total (11),2.2527,0.1491,5.6109,503912,####

Language,Total time (s),Execution time (s),Compilation / Interpretation time (s),Peak Memory usage (kB),Version
Python,2.3,2.2756,0.0244,8380,3.10.4
C++,0.55,0.072,0.478,67412,11.2.0
Javascript,0.15,0.102,0.048,36496,17.9.0
Typescript,0.12,0.104,0.016,37004,1.20.5
Java,0.98,0.0843,0.8957,94044,18
C#,1.93,0.096,1.834,138644,6.0.2
Lua,0.4,0.0004,0.3996,3600,5.4
Php,0.75,0.7358,0.0142,20760,8.1.4
Ruby,1.52,1.4616,0.0584,13484,3.0.3
Go,0.33,0.1755,0.1545,40408,1.18
Rust,0.73,0.393,0.337,178320,1.60.0
Total (11),9.8627,5.5002,4.2598,638552,####

Language,Total time (s),Execution time (s),Compilation / Interpretation time (s),Peak Memory usage (kB),Version
Python,0.09,0.0075,0.0825,65748,3.8.13
C++,0.69,0.0,0.69,86072,11.2.0
Javascript,0.05,0.009,0.041,36720,17.9.0
Typescript,0.03,0.0056,0.0244,33824,1.20.5
Java,0.82,0.0103,0.8097,78000,18
C#,1.84,0.011,1.829,129396,6.0.2
Lua,0.0,0.0,-0.0,3584,5.4
Php,0.02,0.0041,0.0159,21248,8.1.4
Ruby,0.07,0.0159,0.0541,13596,3.0.3
Go,0.09,0.0001,0.0899,18168,1.18
Rust,0.02,0.005,0.015,18252,1.60.0
Total (11),3.8251,0.0685,3.6515,504608,####

Language,Total time (s),Execution time (s),Compilation / Interpretation time (s),Peak Memory usage (kB),Version
Python,1.75,1.7331,0.0169,8556,3.10.4
C++,0.6,0.074,0.526,67448,11.2.0
Javascript,0.15,0.104,0.046,36308,17.9.0
Typescript,0.12,0.1028,0.0172,37052,1.20.5
Java,1.11,0.0862,1.0238,76444,18
C#,1.97,0.089,1.881,145176,6.0.2
Lua,0.41,0.0004,0.4096,3680,5.4
Php,0.75,0.7354,0.0146,20492,8.1.4
Ruby,1.5,1.4414,0.0586,13636,3.0.3
Go,0.34,0.1751,0.1649,43212,1.18
Rust,0.78,0.398,0.382,178248,1.60.0
Total (11),9.6101,4.9394,4.5406,630252,####

Language,Total time (s),Execution time (s),Compilation / Interpretation time (s),Peak Memory usage (kB),Version
Python,0.1,0.0075,0.0925,65748,3.8.13
C++,0.7,0.0,0.7,86044,11.2.0
Javascript,0.06,0.009,0.051,36772,17.9.0
Typescript,0.03,0.0063,0.0237,33264,1.20.5
Java,0.95,0.0102,0.9398,86364,18
C#,1.91,0.012,1.898,139900,6.0.2
Lua,0.0,0.0,-0.0,3656,5.4
Php,0.02,0.0047,0.0153,21608,8.1.4
Ruby,0.08,0.0165,0.0635,13892,3.0.3
Go,0.09,0.0001,0.0899,18148,1.18
Rust,0.02,0.005,0.015,18216,1.60.0
Total (11),4.0536,0.0713,3.8887,523612,####

Language,Total time (s),Execution time (s),Compilation / Interpretation time (s),Peak Memory usage (kB),Version
Python,1.71,1.6935,0.0165,8716,3.10.4
C++,0.54,0.072,0.468,67444,11.2.0
Javascript,0.15,0.101,0.049,36572,17.9.0
Typescript,0.12,0.1022,0.0178,37348,1.20.5
Java,0.9,0.0832,0.8168,85000,18
C#,1.84,0.089,1.751,131392,6.0.2
Lua,0.4,0.0004,0.3996,3636,5.4
Php,0.74,0.7324,0.0076,20696,8.1.4
Ruby,1.49,1.4285,0.0615,13528,3.0.3
Go,0.32,0.1727,0.1473,42848,1.18
Rust,0.73,0.39,0.34,177892,1.60.0
Total (11),9.0532,4.8649,4.0751,625072,####

Language,Total time (s),Execution time (s),Compilation / Interpretation time (s),Peak Memory usage (kB),Version
Python,0.09,0.0074,0.0826,66144,3.8.13
C++,0.69,0.0,0.69,86092,11.2.0
Javascript,0.05,0.008,0.042,36384,17.9.0
Typescript,0.03,0.0055,0.0245,33744,1.20.5
Java,0.81,0.0103,0.7997,76472,18
C#,1.84,0.011,1.829,138528,6.0.2
Lua,0.0,0.0,-0.0,3732,5.4
Php,0.02,0.004,0.016,21180,8.1.4
Ruby,0.08,0.0161,0.0639,13892,3.0.3
Go,0.08,0.0001,0.0799,18124,1.18
Rust,0.02,0.005,0.015,18280,1.60.0
Total (11),3.7951,0.0674,3.6426,512572,####

Language,Total time (s),Execution time (s),Compilation / Interpretation time (s),Peak Memory usage (kB),Version
Python,2.16,2.1448,0.0152,8556,3.10.4
C++,0.55,0.074,0.476,67456,11.2.0
Javascript,0.15,0.101,0.049,36692,17.9.0
Typescript,0.12,0.1022,0.0178,36512,1.20.5
Java,0.88,0.0836,0.7964,76728,18
C#,1.92,0.091,1.829,140624,6.0.2
Lua,0.4,0.0004,0.3996,3620,5.4
Php,0.75,0.7354,0.0146,20712,8.1.4
Ruby,1.48,1.4228,0.0572,13400,3.0.3
Go,0.33,0.175,0.155,42848,1.18
Rust,0.73,0.391,0.339,176276,1.60.0
Total (11),9.5513,5.3212,4.1488,623424,####

Language,Total time (s),Execution time (s),Compilation / Interpretation time (s),Peak Memory usage (kB),Version
Python,0.1,0.0073,0.0927,65884,3.8.13
C++,0.69,0.0,0.69,86108,11.2.0
Javascript,0.05,0.009,0.041,36652,17.9.0
Typescript,0.03,0.0056,0.0244,33860,1.20.5
Java,0.83,0.011,0.819,84672,18
C#,1.84,0.012,1.828,129792,6.0.2
Lua,0.0,0.0,-0.0,3592,5.4
Php,0.02,0.0038,0.0162,21452,8.1.4
Ruby,0.07,0.0159,0.0541,13580,3.0.3
Go,0.08,0.0001,0.0799,18432,1.18
Rust,0.02,0.005,0.015,18568,1.60.0
Total (11),3.8128,0.0697,3.6603,512592,####

Language,Total time (s),Execution time (s),Compilation / Interpretation time (s),Peak Memory usage (kB),Version
Python,3.1,3.0716,0.0284,8532,3.10.4
C++,1.84,0.189,1.651,67404,11.2.0
Javascript,0.39,0.192,0.198,36308,17.9.0
Typescript,0.41,0.3678,0.0422,36800,1.20.5
Java,2.69,0.0929,2.5971,82764,18
C#,3.47,0.089,3.381,140780,6.0.2
Lua,1.38,0.0004,1.3796,3596,5.4
Php,1.99,1.9202,0.0698,20484,8.1.4
Ruby,3.03,2.7818,0.2482,13444,3.0.3
Go,1.24,0.659,0.581,41396,1.18
Rust,1.81,0.699,1.111,178084,1.60.0
Total (11),3.5164,10.0626,11.2874,629592,####

Language,Total time (s),Execution time (s),Compilation / Interpretation time (s),Peak Memory usage (kB),Version
Python,4.01,3.9886,0.0214,8492,3.10.4
C++,1.61,0.186,1.424,67428,11.2.0
Javascript,0.64,0.412,0.228,36264,17.9.0
Typescript,0.51,0.4413,0.0687,37296,1.20.5
Java,2.46,0.0906,2.3694,83052,18
C#,3.6,0.091,3.509,138552,6.0.2
Lua,1.25,0.0004,1.2496,3592,5.4
Php,2.18,2.0801,0.0999,20760,8.1.4
Ruby,2.98,2.867,0.113,13480,3.0.3
Go,1.15,0.4733,0.6767,41300,1.18
Rust,2.2,0.885,1.315,180112,1.60.0
Total (11),4.0239,11.5154,11.0746,630328,####

Language,Total time (s),Execution time (s),Compilation / Interpretation time (s),Peak Memory usage (kB),Version
Python,1.72,1.6991,0.0209,8532,3.10.4
C++,0.97,0.071,0.899,67464,11.2.0
Javascript,0.23,0.101,0.129,36528,17.9.0
Typescript,0.21,0.1029,0.1071,36644,1.20.5
Java,1.1,0.0833,1.0167,75328,18
C#,2.71,0.089,2.621,139276,6.0.2
Lua,0.42,0.0004,0.4196,3544,5.4
Php,0.94,0.7307,0.2093,20636,8.1.4
Ruby,1.58,1.466,0.114,13448,3.0.3
Go,0.5,0.1733,0.3267,41100,1.18
Rust,2.02,0.432,1.588,176528,1.60.0
Total (11),12.5419,4.9487,7.4513,619028,####

Language,Total time (s),Execution time (s),Compilation / Interpretation time (s),Peak Memory usage (kB),Version
Python,0.64,0.0081,0.6319,66136,3.8.13
C++,0.69,0.0,0.69,85952,11.2.0
Javascript,0.05,0.008,0.042,36732,17.9.0
Typescript,0.03,0.0056,0.0244,33928,1.20.5
Java,0.8,0.0101,0.7899,75648,18
C#,1.83,0.011,1.819,132988,6.0.2
Lua,0.0,0.0,-0.0,3564,5.4
Php,0.02,0.0042,0.0158,21164,8.1.4
Ruby,0.07,0.0157,0.0543,13908,3.0.3
Go,0.2,0.0001,0.1999,18268,1.18
Rust,0.02,0.005,0.015,18580,1.60.0
Total (11),4.455,0.0679,4.2821,506868,####

